01	https://res.cloudinary.com/e5cjysjx/image/upload/v1788804156/subai/productions/2026-09-07-procrastination-relief/v2/scene-01-clean.png
02	https://res.cloudinary.com/e5cjysjx/image/upload/v1788804157/subai/productions/2026-09-07-procrastination-relief/v2/scene-02-clean.png
03	https://res.cloudinary.com/e5cjysjx/image/upload/v1788804159/subai/productions/2026-09-07-procrastination-relief/v2/scene-03-clean.png
04	https://res.cloudinary.com/e5cjysjx/image/upload/v1788804161/subai/productions/2026-09-07-procrastination-relief/v2/scene-04-clean.png
05	https://res.cloudinary.com/e5cjysjx/image/upload/v1788804163/subai/productions/2026-09-07-procrastination-relief/v2/scene-05-clean.png
06	https://res.cloudinary.com/e5cjysjx/image/upload/v1788804164/subai/productions/2026-09-07-procrastination-relief/v2/scene-06-clean.png
07	https://res.cloudinary.com/e5cjysjx/image/upload/v1788804166/subai/productions/2026-09-07-procrastination-relief/v2/scene-07-clean.png
08	https://res.cloudinary.com/e5cjysjx/image/upload/v1788804167/subai/productions/2026-09-07-procrastination-relief/v2/scene-08-clean.png
09	https://res.cloudinary.com/e5cjysjx/image/upload/v1788804169/subai/productions/2026-09-07-procrastination-relief/v2/scene-09-clean.png
10	https://res.cloudinary.com/e5cjysjx/image/upload/v1788804170/subai/productions/2026-09-07-procrastination-relief/v2/scene-10-clean.png
